,Name
0,Bulbasaur
1,Ivysaur
2,Venusaur
3,VenusaurMega Venusaur
4,Charmander
5,Charmeleon
6,Charizard
7,CharizardMega Charizard X
8,CharizardMega Charizard Y
9,Squirtle
10,Wartortle
11,Blastoise
12,BlastoiseMega Blastoise
13,Caterpie
14,Metapod
15,Butterfree
16,Weedle
17,Kakuna
18,Beedrill
19,BeedrillMega Beedrill
20,Pidgey
21,Pidgeotto
22,Pidgeot
23,PidgeotMega Pidgeot
24,Rattata
25,Raticate
26,Spearow
27,Fearow
28,Ekans
29,Arbok
30,Pikachu
31,Raichu
32,Sandshrew
33,Sandslash
34,Nidoran♀
35,Nidorina
36,Nidoqueen
37,Nidoran♂
38,Nidorino
39,Nidoking
40,Clefairy
41,Clefable
42,Vulpix
43,Ninetales
44,Jigglypuff
45,Wigglytuff
46,Zubat
47,Golbat
48,Oddish
49,Gloom
50,Vileplume
51,Paras
52,Parasect
53,Venonat
54,Venomoth
55,Diglett
56,Dugtrio
57,Meowth
58,Persian
59,Psyduck
60,Golduck
61,Mankey
62,Primeape
63,Growlithe
64,Arcanine
65,Poliwag
66,Poliwhirl
67,Poliwrath
68,Abra
69,Kadabra
70,Alakazam
71,AlakazamMega Alakazam
72,Machop
73,Machoke
74,Machamp
75,Bellsprout
76,Weepinbell
77,Victreebel
78,Tentacool
79,Tentacruel
80,Geodude
81,Graveler
82,Golem
83,Ponyta
84,Rapidash
85,Slowpoke
86,Slowbro
87,SlowbroMega Slowbro
88,Magnemite
89,Magneton
90,Farfetch'd
91,Doduo
92,Dodrio
93,Seel
94,Dewgong
95,Grimer
96,Muk
97,Shellder
98,Cloyster
99,Gastly
100,Haunter
101,Gengar
102,GengarMega Gengar
103,Onix
104,Drowzee
105,Hypno
106,Krabby
107,Kingler
108,Voltorb
109,Electrode
110,Exeggcute
111,Exeggutor
112,Cubone
113,Marowak
114,Hitmonlee
115,Hitmonchan
116,Lickitung
117,Koffing
118,Weezing
119,Rhyhorn
120,Rhydon
121,Chansey
122,Tangela
123,Kangaskhan
124,KangaskhanMega Kangaskhan
125,Horsea
126,Seadra
127,Goldeen
128,Seaking
129,Staryu
130,Starmie
131,Mr. Mime
132,Scyther
133,Jynx
134,Electabuzz
135,Magmar
136,Pinsir
137,PinsirMega Pinsir
138,Tauros
139,Magikarp
140,Gyarados
141,GyaradosMega Gyarados
142,Lapras
143,Ditto
144,Eevee
145,Vaporeon
146,Jolteon
147,Flareon
148,Porygon
149,Omanyte
150,Omastar
151,Kabuto
152,Kabutops
153,Aerodactyl
154,AerodactylMega Aerodactyl
155,Snorlax
156,Articuno
157,Zapdos
158,Moltres
159,Dratini
160,Dragonair
161,Dragonite
162,Mewtwo
163,MewtwoMega Mewtwo X
164,MewtwoMega Mewtwo Y
165,Mew
166,Chikorita
167,Bayleef
168,Meganium
169,Cyndaquil
170,Quilava
171,Typhlosion
172,Totodile
173,Croconaw
174,Feraligatr
175,Sentret
176,Furret
177,Hoothoot
178,Noctowl
179,Ledyba
180,Ledian
181,Spinarak
182,Ariados
183,Crobat
184,Chinchou
185,Lanturn
186,Pichu
187,Cleffa
188,Igglybuff
189,Togepi
190,Togetic
191,Natu
192,Xatu
193,Mareep
194,Flaaffy
195,Ampharos
196,AmpharosMega Ampharos
197,Bellossom
198,Marill
199,Azumarill
200,Sudowoodo
201,Politoed
202,Hoppip
203,Skiploom
204,Jumpluff
205,Aipom
206,Sunkern
207,Sunflora
208,Yanma
209,Wooper
210,Quagsire
211,Espeon
212,Umbreon
213,Murkrow
214,Slowking
215,Misdreavus
216,Unown
217,Wobbuffet
218,Girafarig
219,Pineco
220,Forretress
221,Dunsparce
222,Gligar
223,Steelix
224,SteelixMega Steelix
225,Snubbull
226,Granbull
227,Qwilfish
228,Scizor
229,ScizorMega Scizor
230,Shuckle
231,Heracross
232,HeracrossMega Heracross
233,Sneasel
234,Teddiursa
235,Ursaring
236,Slugma
237,Magcargo
238,Swinub
239,Piloswine
240,Corsola
241,Remoraid
242,Octillery
243,Delibird
244,Mantine
245,Skarmory
246,Houndour
247,Houndoom
248,HoundoomMega Houndoom
249,Kingdra
250,Phanpy
251,Donphan
252,Porygon2
253,Stantler
254,Smeargle
255,Tyrogue
256,Hitmontop
257,Smoochum
258,Elekid
259,Magby
260,Miltank
261,Blissey
262,Raikou
263,Entei
264,Suicune
265,Larvitar
266,Pupitar
267,Tyranitar
268,TyranitarMega Tyranitar
269,Lugia
270,Ho-oh
271,Celebi
272,Treecko
273,Grovyle
274,Sceptile
275,SceptileMega Sceptile
276,Torchic
277,Combusken
278,Blaziken
279,BlazikenMega Blaziken
280,Mudkip
281,Marshtomp
282,Swampert
283,SwampertMega Swampert
284,Poochyena
285,Mightyena
286,Zigzagoon
287,Linoone
288,Wurmple
289,Silcoon
290,Beautifly
291,Cascoon
292,Dustox
293,Lotad
294,Lombre
295,Ludicolo
296,Seedot
297,Nuzleaf
298,Shiftry
299,Taillow
300,Swellow
301,Wingull
302,Pelipper
303,Ralts
304,Kirlia
305,Gardevoir
306,GardevoirMega Gardevoir
307,Surskit
308,Masquerain
309,Shroomish
310,Breloom
311,Slakoth
312,Vigoroth
313,Slaking
314,Nincada
315,Ninjask
316,Shedinja
317,Whismur
318,Loudred
319,Exploud
320,Makuhita
321,Hariyama
322,Azurill
323,Nosepass
324,Skitty
325,Delcatty
326,Sableye
327,SableyeMega Sableye
328,Mawile
329,MawileMega Mawile
330,Aron
331,Lairon
332,Aggron
333,AggronMega Aggron
334,Meditite
335,Medicham
336,MedichamMega Medicham
337,Electrike
338,Manectric
339,ManectricMega Manectric
340,Plusle
341,Minun
342,Volbeat
343,Illumise
344,Roselia
345,Gulpin
346,Swalot
347,Carvanha
348,Sharpedo
349,SharpedoMega Sharpedo
350,Wailmer
351,Wailord
352,Numel
353,Camerupt
354,CameruptMega Camerupt
355,Torkoal
356,Spoink
357,Grumpig
358,Spinda
359,Trapinch
360,Vibrava
361,Flygon
362,Cacnea
363,Cacturne
364,Swablu
365,Altaria
366,AltariaMega Altaria
367,Zangoose
368,Seviper
369,Lunatone
370,Solrock
371,Barboach
372,Whiscash
373,Corphish
374,Crawdaunt
375,Baltoy
376,Claydol
377,Lileep
378,Cradily
379,Anorith
380,Armaldo
381,Feebas
382,Milotic
383,Castform
384,Kecleon
385,Shuppet
386,Banette
387,BanetteMega Banette
388,Duskull
389,Dusclops
390,Tropius
391,Chimecho
392,Absol
393,AbsolMega Absol
394,Wynaut
395,Snorunt
396,Glalie
397,GlalieMega Glalie
398,Spheal
399,Sealeo
400,Walrein
401,Clamperl
402,Huntail
403,Gorebyss
404,Relicanth
405,Luvdisc
406,Bagon
407,Shelgon
408,Salamence
409,SalamenceMega Salamence
410,Beldum
411,Metang
412,Metagross
413,MetagrossMega Metagross
414,Regirock
415,Regice
416,Registeel
417,Latias
418,LatiasMega Latias
419,Latios
420,LatiosMega Latios
421,Kyogre
422,KyogrePrimal Kyogre
423,Groudon
424,GroudonPrimal Groudon
425,Rayquaza
426,RayquazaMega Rayquaza
427,Jirachi
428,DeoxysNormal Forme
429,DeoxysAttack Forme
430,DeoxysDefense Forme
431,DeoxysSpeed Forme
432,Turtwig
433,Grotle
434,Torterra
435,Chimchar
436,Monferno
437,Infernape
438,Piplup
439,Prinplup
440,Empoleon
441,Starly
442,Staravia
443,Staraptor
444,Bidoof
445,Bibarel
446,Kricketot
447,Kricketune
448,Shinx
449,Luxio
450,Luxray
451,Budew
452,Roserade
453,Cranidos
454,Rampardos
455,Shieldon
456,Bastiodon
457,Burmy
458,WormadamPlant Cloak
459,WormadamSandy Cloak
460,WormadamTrash Cloak
461,Mothim
462,Combee
463,Vespiquen
464,Pachirisu
465,Buizel
466,Floatzel
467,Cherubi
468,Cherrim
469,Shellos
470,Gastrodon
471,Ambipom
472,Drifloon
473,Drifblim
474,Buneary
475,Lopunny
476,LopunnyMega Lopunny
477,Mismagius
478,Honchkrow
479,Glameow
480,Purugly
481,Chingling
482,Stunky
483,Skuntank
484,Bronzor
485,Bronzong
486,Bonsly
487,Mime Jr.
488,Happiny
489,Chatot
490,Spiritomb
491,Gible
492,Gabite
493,Garchomp
494,GarchompMega Garchomp
495,Munchlax
496,Riolu
497,Lucario
498,LucarioMega Lucario
499,Hippopotas
500,Hippowdon
501,Skorupi
502,Drapion
503,Croagunk
504,Toxicroak
505,Carnivine
506,Finneon
507,Lumineon
508,Mantyke
509,Snover
510,Abomasnow
511,AbomasnowMega Abomasnow
512,Weavile
513,Magnezone
514,Lickilicky
515,Rhyperior
516,Tangrowth
517,Electivire
518,Magmortar
519,Togekiss
520,Yanmega
521,Leafeon
522,Glaceon
523,Gliscor
524,Mamoswine
525,Porygon-Z
526,Gallade
527,GalladeMega Gallade
528,Probopass
529,Dusknoir
530,Froslass
531,Rotom
532,RotomHeat Rotom
533,RotomWash Rotom
534,RotomFrost Rotom
535,RotomFan Rotom
536,RotomMow Rotom
537,Uxie
538,Mesprit
539,Azelf
540,Dialga
541,Palkia
542,Heatran
543,Regigigas
544,GiratinaAltered Forme
545,GiratinaOrigin Forme
546,Cresselia
547,Phione
548,Manaphy
549,Darkrai
550,ShayminLand Forme
551,ShayminSky Forme
552,Arceus
553,Victini
554,Snivy
555,Servine
556,Serperior
557,Tepig
558,Pignite
559,Emboar
560,Oshawott
561,Dewott
562,Samurott
563,Patrat
564,Watchog
565,Lillipup
566,Herdier
567,Stoutland
568,Purrloin
569,Liepard
570,Pansage
571,Simisage
572,Pansear
573,Simisear
574,Panpour
575,Simipour
576,Munna
577,Musharna
578,Pidove
579,Tranquill
580,Unfezant
581,Blitzle
582,Zebstrika
583,Roggenrola
584,Boldore
585,Gigalith
586,Woobat
587,Swoobat
588,Drilbur
589,Excadrill
590,Audino
591,AudinoMega Audino
592,Timburr
593,Gurdurr
594,Conkeldurr
595,Tympole
596,Palpitoad
597,Seismitoad
598,Throh
599,Sawk
600,Sewaddle
601,Swadloon
602,Leavanny
603,Venipede
604,Whirlipede
605,Scolipede
606,Cottonee
607,Whimsicott
608,Petilil
609,Lilligant
610,Basculin
611,Sandile
612,Krokorok
613,Krookodile
614,Darumaka
615,DarmanitanStandard Mode
616,DarmanitanZen Mode
617,Maractus
618,Dwebble
619,Crustle
620,Scraggy
621,Scrafty
622,Sigilyph
623,Yamask
624,Cofagrigus
625,Tirtouga
626,Carracosta
627,Archen
628,Archeops
629,Trubbish
630,Garbodor
631,Zorua
632,Zoroark
633,Minccino
634,Cinccino
635,Gothita
636,Gothorita
637,Gothitelle
638,Solosis
639,Duosion
640,Reuniclus
641,Ducklett
642,Swanna
643,Vanillite
644,Vanillish
645,Vanilluxe
646,Deerling
647,Sawsbuck
648,Emolga
649,Karrablast
650,Escavalier
651,Foongus
652,Amoonguss
653,Frillish
654,Jellicent
655,Alomomola
656,Joltik
657,Galvantula
658,Ferroseed
659,Ferrothorn
660,Klink
661,Klang
662,Klinklang
663,Tynamo
664,Eelektrik
665,Eelektross
666,Elgyem
667,Beheeyem
668,Litwick
669,Lampent
670,Chandelure
671,Axew
672,Fraxure
673,Haxorus
674,Cubchoo
675,Beartic
676,Cryogonal
677,Shelmet
678,Accelgor
679,Stunfisk
680,Mienfoo
681,Mienshao
682,Druddigon
683,Golett
684,Golurk
685,Pawniard
686,Bisharp
687,Bouffalant
688,Rufflet
689,Braviary
690,Vullaby
691,Mandibuzz
692,Heatmor
693,Durant
694,Deino
695,Zweilous
696,Hydreigon
697,Larvesta
698,Volcarona
699,Cobalion
700,Terrakion
701,Virizion
702,TornadusIncarnate Forme
703,TornadusTherian Forme
704,ThundurusIncarnate Forme
705,ThundurusTherian Forme
706,Reshiram
707,Zekrom
708,LandorusIncarnate Forme
709,LandorusTherian Forme
710,Kyurem
711,KyuremBlack Kyurem
712,KyuremWhite Kyurem
713,KeldeoOrdinary Forme
714,KeldeoResolute Forme
715,MeloettaAria Forme
716,MeloettaPirouette Forme
717,Genesect
718,Chespin
719,Quilladin
720,Chesnaught
721,Fennekin
722,Braixen
723,Delphox
724,Froakie
725,Frogadier
726,Greninja
727,Bunnelby
728,Diggersby
729,Fletchling
730,Fletchinder
731,Talonflame
732,Scatterbug
733,Spewpa
734,Vivillon
735,Litleo
736,Pyroar
737,Flabébé
738,Floette
739,Florges
740,Skiddo
741,Gogoat
742,Pancham
743,Pangoro
744,Furfrou
745,Espurr
746,MeowsticMale
747,MeowsticFemale
748,Honedge
749,Doublade
750,AegislashBlade Forme
751,AegislashShield Forme
752,Spritzee
753,Aromatisse
754,Swirlix
755,Slurpuff
756,Inkay
757,Malamar
758,Binacle
759,Barbaracle
760,Skrelp
761,Dragalge
762,Clauncher
763,Clawitzer
764,Helioptile
765,Heliolisk
766,Tyrunt
767,Tyrantrum
768,Amaura
769,Aurorus
770,Sylveon
771,Hawlucha
772,Dedenne
773,Carbink
774,Goomy
775,Sliggoo
776,Goodra
777,Klefki
778,Phantump
779,Trevenant
780,PumpkabooAverage Size
781,PumpkabooSmall Size
782,PumpkabooLarge Size
783,PumpkabooSuper Size
784,GourgeistAverage Size
785,GourgeistSmall Size
786,GourgeistLarge Size
787,GourgeistSuper Size
788,Bergmite
789,Avalugg
790,Noibat
791,Noivern
792,Xerneas
793,Yveltal
794,Zygarde50% Forme
795,Diancie
796,DiancieMega Diancie
797,HoopaHoopa Confined
798,HoopaHoopa Unbound
799,Volcanion
